Energy keV,sbspec - 0 - Counts,Energy keV,sbspec - 1 - Counts,Energy keV,sbspec - 2 - Counts,Energy keV,sbspec sum - Counts
-8.336885268104108,0.12540572564659416,9.080754587972036,12535.501822474791,88.99543191923784,0,-8.398607484769364,0
-7.709513349530904,0.8397588270119127,9.470205360937904,14419.13471165559,99.23954982619907,12949.127162022507,-7.9982593559617055,0.5109799972711851
-7.082141430957699,0.44015816587086565,9.859656133903771,15438.020848551001,109.4836677331603,22730.370322979015,-7.5979112271540465,0.7686745457964592
-6.454769512384495,0.5822256950117537,10.249106906869638,17261.171523722944,119.72778564012152,25816.98732844387,-7.197563098346388,0.5136752826449411
-5.827397593811289,0.6907291913004798,10.638557679835506,21590.945280834854,129.97190354708275,15488.20326149294,-6.797214969538729,0.5046793807392459
-5.200025675238085,0.05760975661078174,11.028008452801373,35951.4707529865,140.21602145404398,8558.586121806396,-6.39686684073107,0.5922399180473383
-4.572653756664881,0.5338259625584272,11.41745922576724,56785.05655717657,150.4601393610052,5797.749482638321,-5.996518711923412,0.661479822515921
-3.9452818380916757,4.911143131761433,11.806909998733108,64964.35419908841,160.70425726796643,4141.718490321507,-5.596170583115753,0.4573838502634073
-3.3179099195184714,23.71346081042493,12.196360771698975,54052.131961313564,170.94837517492766,3262.429635694515,-5.195822454308094,0.06080027544782554
-2.690538000945267,65.79090580378858,12.585811544664843,40096.27079082989,181.19249308188887,2834.447089884992,-4.795474325500435,0.3646906175476313
-2.063166082372062,154.77913188179093,12.97526231763071,30655.986387578152,191.4366109888501,2439.253535826127,-4.395126196692776,1.7724762962232012
-1.4357941637988576,335.27221679603224,13.364713090596577,24741.254279066536,201.68072889581134,2001.008886177803,-3.9947780678851172,4.565796631429719
-0.8084222452256533,610.8917009265472,13.754163863562445,22279.243513939466,211.92484680277255,1721.7313219449059,-3.5944299390774583,15.426164075686474
-0.18105032665244813,1014.8478770501731,14.143614636528312,21452.631400313378,222.16896470973379,1573.0859208919428,-3.1940818102697994,32.01853520296845
0.44632159192075704,1400.7115927451343,14.53306540949418,21022.964122954025,232.413082616695,1563.732766717258,-2.7937336814621405,58.86963559396358
1.0736935104939604,1628.044943384061,14.922516182460047,20762.735668163816,242.65720052365623,1616.9159999946012,-2.3933855526544816,107.93985838724214
1.7010654290671656,3155.7922998843696,15.311966955425914,20690.37855786731,252.90131843061747,1783.2128376076844,-1.9930374238468236,174.95494393742842
2.328437347640371,28651.630386664707,15.701417728391782,20386.930127290838,263.14543633757864,2240.7895443622915,-1.5926892950391647,290.13394170397703
2.955809266213574,125404.53663331064,16.090868501357647,20325.069695984635,273.3895542445399,4838.180314903509,-1.1923411662315058,442.2269395259618
3.5831811847867794,246588.84428670924,16.480319274323517,20809.76230211579,283.6336721515011,8203.827341152513,-0.7919930374238469,621.4702425601154
4.210553103359985,291714.13491109374,16.869770047289386,21089.839039638584,293.8777900584623,12720.233281612083,-0.39164490861618795,879.2489133032816
4.837925021933188,249116.02676725405,17.25922082025525,21829.357792455427,304.1219079654236,20085.76259666208,0.008703220191470962,1131.555377790739
5.465296940506393,223790.05806789146,17.648671593221117,22623.966344344397,314.3660258723848,39759.13161076196,0.40905134899912987,1377.788611985493
6.092668859079598,264835.08461272897,18.038122366186986,22739.025501123993,,,0.8093994778067888,1532.2758370120516
6.720040777652802,343445.5638666717,18.427573139152855,22948.490627548847,,,1.2097476066144477,1959.3576456832468
7.347412696226007,369697.9389193247,18.81702391211872,22793.386752820777,,,1.6100957354221066,2934.267069198315
7.974784614799212,217778.52178238306,19.206474685084586,22662.21551538433,,,2.0104438642297655,15728.657385057475
8.602156533372415,86400.05364126789,19.595925458050456,22524.37013735921,,,2.4107919930374244,41352.31246883088
9.229528451945622,40046.06315150579,19.985376231016325,22465.157606421075,,,2.8111401218450833,103093.7513598798
9.856900370518826,24857.0300083912,20.37482700398219,22851.03815542469,,,3.2114882506527422,174791.95706687158
10.48427228909203,15192.67389059215,20.764277776948056,23659.744557587568,,,3.611836379460401,248649.9406623428
11.111644207665236,11494.279662989898,21.153728549913925,25159.623087802334,,,4.01218450826806,277445.9787516155
11.73901612623844,6597.08706848254,21.543179322879794,26954.319200686623,,,4.412532637075719,277999.86787849746
12.366388044811643,2364.468103035117,21.93263009584566,29405.2186524196,,,4.812880765883378,250816.51398386087
12.99375996338485,809.4654099479189,22.322080868811526,33089.00906889807,,,5.213228894691037,233965.6289683992
,,22.711531641777395,36820.961272943976,,,5.613577023498696,233491.09785355983
,,23.100982414743264,36736.09176506795,,,6.013925152306353,259683.37565180322
,,23.49043318770913,33860.59147073889,,,6.4142732811140135,305132.5174398292
,,23.879883960674995,31852.541042146382,,,6.814621409921671,347403.28998977627
,,24.269334733640864,32026.292344983463,,,7.214969538729331,364155.85560187604
,,24.658785506606733,34007.066537428436,,,7.6153176675369885,304824.1919683695
,,25.0482362795726,36687.442414419624,,,8.01566579634465,209217.56001754492
,,25.437687052538465,40411.387567995895,,,8.416013925152306,125380.32993314693
,,25.827137825504337,43945.54288503617,,,8.816362053959967,70573.26833224187
,,26.216588598470203,47329.498201763105,,,9.216710182767624,54186.223548160866
,,26.60603937143607,53788.99541317312,,,9.617058311575285,45467.07679351978
,,26.995490144401934,64395.14164419427,,,10.017406440382942,38561.016215784075
,,27.384940917367807,77004.92709597613,,,10.417754569190603,35353.482314401685
,,27.774391690333672,87709.20408582839,,,10.81810269799826,41436.17439031624
,,28.163842463299538,99910.68799175495,,,11.21845082680592,56799.70437264743
,,28.553293236265404,120748.60027066637,,,11.618798955613578,68549.10909962602
,,28.942744009231276,168143.2509633815,,,12.019147084421238,63724.733046671856
,,29.332194782197142,299253.13022675406,,,12.419495213228895,48289.007503258246
,,29.721645555163008,641842.0881317417,,,12.819843342036556,35663.87619973457
,,30.111096328128873,1244405.3279853705,,,13.220191470844213,27573.01080893747
,,30.500547101094746,1681090.95129779,,,13.620539599651874,23455.645454494563
,,30.88999787406061,1390742.864347743,,,14.020887728459531,21713.120160176284
,,31.279448647026477,659052.9416950714,,,14.421235857267192,21146.341716655443
,,31.668899419992343,187063.92736932365,,,14.821583986074849,20830.177900474402
,,32.058350192958216,52729.18892296862,,,15.22193211488251,20707.106373909668
,,32.44780096592408,34951.347655149744,,,15.622280243690167,20448.5916958367
,,32.83725173888995,38503.75362688361,,,16.022628372497824,20335.9089704108
,,33.22670251185581,51327.01016592347,,,16.422976501305484,20738.396111505266
,,33.616153284821685,85886.5291440512,,,16.82332463011314,21056.437434561405
,,34.00560405778755,169557.6623780506,,,17.223672758920802,21761.856429490068
,,34.395054830753416,287137.35264633363,,,17.62402088772846,22573.670741525606
,,34.78450560371928,328001.26297100936,,,18.02436901653612,22734.962217845154
,,35.173956376685155,245273.99842878449,,,18.424717145343777,22946.95453840533
,,35.56340714965102,142027.06249542377,,,18.825065274151438,22790.678335013636
,,35.952857922616886,73402.11910456618,,,19.225413402959095,22655.512191354846
,,36.34230869558275,32387.916386767403,,,19.625761531766756,22519.833827353854
,,36.731759468548624,15827.492748445882,,,20.026109660574413,22505.517619166647
,,37.12121024151449,12123.401133753094,,,20.426457789382074,22958.251055231267
,,37.510661014480355,11723.515941596439,,,20.82680591818973,23900.557063538978
,,37.90011178744622,11961.695872518812,,,21.22715404699739,25497.987942489224
,,38.289562560412094,12024.746390822846,,,21.62750217580505,27484.981477793415
,,38.67901333337796,11997.624220512103,,,22.027850304612706,30305.900630374916
,,39.068464106343825,11843.634638290652,,,22.42819843342037,34105.891577858114
,,39.45791487930969,11766.494558603867,,,22.828546562228027,36795.46126266754
,,39.84736565227556,11613.763974694584,,,23.228894691035684,35791.65458928298
,,40.23681642524143,11524.03669710991,,,23.62924281984334,33144.873950968285
,,40.626267198207294,11375.708006171322,,,24.029590948651006,31919.331984700057
,,41.01571797117316,11330.969537449982,,,24.429939077458663,32843.13740349034
,,41.40516874413903,11627.099221967534,,,24.83028720626632,35187.418588420085
,,41.7946195171049,11626.75030434757,,,25.230635335073977,38431.55008065548
,,42.184070290070764,11856.223308643672,,,25.63098346388164,42165.497682377805
,,42.57352106303664,12094.135574659009,,,26.0313315926893,45719.79173000794
,,42.9629718360025,12155.476706087431,,,26.431679721496955,50897.036401288344
,,43.35242260896837,12478.64317297667,,,26.832027850304613,59943.47505421338
,,43.741873381934234,12544.475049417546,,,27.232375979112277,72065.121419855
,,44.1313241549001,12483.241645851256,,,27.632724107919934,83815.38964789352
,,44.52077492786597,12256.50684974487,,,28.03307223672759,95813.65975185508
,,44.91022570083184,12471.847734744673,,,28.433420365535248,114334.69500126997
,,45.2996764737977,12502.49214351844,,,28.833768494342905,154881.35287325826
,,45.689127246763576,12744.561702437992,,,29.23411662315057,266234.7965024632
,,46.07857801972944,12843.935795166997,,,29.634464751958227,565151.5726866396
,,46.46802879269531,12843.055612913296,,,30.034812880765884,1126378.5980852211
,,46.85747956566117,12966.267791237071,,,30.43516100957354,1607774.4550575775
,,47.24693033862704,13296.799365204872,,,30.835509138381205,1431365.9706889112
,,47.63638111159291,13848.805454885218,,,31.235857267188862,740951.2856084964
,,48.02583188455878,14508.534350562815,,,31.63620539599652,226686.95865159435
,,48.41528265752464,15254.973472538624,,,32.03655352480418,60247.59668777074
,,48.804733430490515,16250.713021592992,,,32.43690165361184,35448.88484769339
,,49.19418420345638,17620.628120484515,,,32.8372497824195,38503.73578078396
,,49.583634976422246,18704.663979033954,,,33.237597911227155,52293.85832103343
,,49.97308574938811,18990.78747721042,,,33.63794604003481,90568.57024282009
,,50.36253652235398,18378.038190146097,,,34.03829416884248,179427.1847913771
,,50.75198729531985,18662.229123556313,,,34.438642297650134,291710.855800488
,,51.141438068285716,20838.897205320714,,,34.83899042645779,316427.5785489737
,,51.53088884125158,24419.882552840154,,,35.23933855526545,227940.58924935333
,,51.920339614217454,32156.04970308912,,,35.63968668407311,128585.8804642975
,,52.30979038718332,45097.557474986934,,,36.04003481288077,64221.26520007645
,,52.699241160149185,57525.2682479147,,,36.440382941688426,28217.553464772882
,,53.08869193311505,57699.69247813389,,,36.84073107049608,14791.056759529249
,,53.47814270608092,44834.8435997201,,,37.24107919930375,12000.320568643067
,,53.86759347904679,32238.167112477,,,37.641427328111405,11803.489878508733
,,54.257044252012655,26959.62322332225,,,38.04177545691906,11984.630652483664
,,54.64649502497852,25710.2006732009,,,38.44212358572672,12014.12172039312
,,55.03594579794439,24181.460919767727,,,38.84247171453438,11932.992463247421
,,55.42539657091026,23120.099775648527,,,39.24281984334204,11809.099296780187
,,55.814847343876124,24119.577252295807,,,39.6431679721497,11693.844008124835
,,56.20429811684199,27348.341523892173,,,40.043516100957355,11568.57200955045
,,56.593748889807856,33213.528211715784,,,40.44386422976502,11445.179157367951
,,56.98319966277373,43379.368813056804,,,40.844212358572676,11350.671381732966
,,57.372650435739594,54697.366366838985,,,41.24456048738033,11504.976284471053
,,57.76210120870546,56272.28842845646,,,41.64490861618799,11626.884433677531
,,58.15155198167133,47328.68333102884,,,42.04525674499565,11774.431299392296
,,58.5410027546372,39503.81482182645,,,42.44560487380331,12015.992629380495
,,58.93045352760306,36033.27868558874,,,42.84595300261097,12137.045448180286
,,59.31990430056893,31088.528820067255,,,43.246301131418626,12390.58351218914
,,59.709355073534795,24235.59276620451,,,43.64664926022628,12528.378579594855
,,60.09880584650067,20660.97731371211,,,44.04699738903395,12496.50035592236
,,60.48825661946653,20454.391268143125,,,44.447345517841605,12299.256802924565
,,60.8777073924324,21416.513140939223,,,44.84769364664926,12437.271585913377
,,61.26715816539827,22195.54248329577,,,45.24804177545692,12498.429204341777
,,61.65660893836414,22072.753431693003,,,45.64838990426458,12719.240734513889
,,62.04605971133,21548.811223295084,,,46.04873803307224,12836.321683687585
,,62.43551048429587,20801.61661922072,,,46.4490861618799,12843.098424402295
,,62.824961257261734,20504.898401086943,,,46.849434290687554,12963.722473770722
,,63.21441203022761,20463.91477817978,,,47.24978241949522,13300.841894111687
,,63.60386280319347,20495.784065453558,,,47.650130548302876,13872.096975474007
,,63.99331357615934,20710.266967622723,,,48.05047867711053,14555.77351779247
,,64.38276434912521,21091.36351781362,,,48.45082680591819,15345.85200392111
,,64.77221512209107,21798.800303636886,,,48.851174934725854,16414.073636806876
,,65.16166589505694,22548.362432455226,,,49.25152306353351,17780.230783328392
,,65.5511166680228,23600.33669311454,,,49.65187119234117,18754.796078278134
,,65.94056744098867,24944.526165314644,,,50.052219321148826,18866.28126732422
,,66.33001821395455,26160.707640023476,,,50.45256744995649,18443.73577024408
,,66.7194689869204,26904.998658795103,,,50.85291557876415,19226.324481353247
,,67.10891975988628,25899.683222774758,,,51.253263707571804,21867.12979222991
,,67.49837053285215,24268.48750390204,,,51.65361183637946,26857.688995637138
,,67.88782130581801,23360.362579743654,,,52.053959965187126,36596.274066719496
,,68.27727207878388,23500.492592304898,,,52.45430809399478,49709.24240795548
,,68.66672285174974,24203.27116997759,,,52.85465622280244,57594.87435618178
,,69.05617362471561,24341.883044036735,,,53.2550043516101,52205.84247432402
,,69.44562439768148,24263.241166676493,,,53.65535248041776,39103.04293927001
,,69.83507517064734,24536.976126653557,,,54.05570060922541,29688.597792202905
,,70.22452594361322,25444.253267074524,,,54.456048738033076,26321.18388857476
,,70.61397671657909,26178.707107950908,,,54.85639686684074,24886.257540337385
,,71.00342748954495,27181.429689720404,,,55.25674499564839,23579.721995715685
,,71.39287826251082,28410.915836099823,,,55.657093124456054,23714.72046396366
,,71.78232903547668,29321.732989394488,,,56.057441253263704,26130.81615977682
,,72.17177980844255,30724.263853618035,,,56.45778938207137,31165.95776067706
,,72.56123058140842,32033.61113244028,,,56.85813751087903,40114.86919031865
,,72.95068135437428,33147.97438180168,,,57.25848563968668,51379.573792915544
,,73.34013212734015,35055.33213074738,,,57.65883376849435,55854.67937199812
,,73.72958290030603,36733.728869810315,,,58.05918189730201,49449.931033591936
,,74.11903367327189,38595.252640837265,,,58.45953002610966,41140.76981605827
,,74.50848444623776,40996.06853015713,,,58.859878154917325,36662.2012561334
,,74.89793521920363,43447.61695122353,,,59.260226283724975,31846.24426511939
,,75.28738599216949,46505.055874853475,,,59.66057441253264,25093.95734965913
,,75.67683676513536,49867.18459373643,,,60.060922541340304,21008.693270176744
,,76.06628753810124,54450.247628118406,,,60.461270670147954,20468.706095440022
,,76.4557383110671,59684.53217397042,,,60.86161879895562,21376.766942546412
,,76.84518908403297,66196.8934363987,,,61.26196692776328,22185.158304545774
,,77.23463985699883,74123.09510500857,,,61.66231505657093,22065.076784521705
,,77.6240906299647,83974.33626012006,,,62.0626631853786,21516.9560388169
,,78.01354140293057,97173.54517207517,,,62.46301131418625,20780.6640423902
,,78.40299217589643,116507.31447170951,,,62.86335944299391,20500.85759060817
,,78.7924429488623,142129.0570664447,,,63.263707571801575,20467.948699498702
,,79.18189372182816,174832.19393489513,,,63.664055700609225,20528.93420463388
,,79.57134449479403,220864.51049570716,,,64.06440382941689,20779.83224300356
,,79.9607952677599,287206.34650781355,,,64.46475195822455,21240.29389537294
,,80.35024604072576,343993.3734787457,,,64.8651000870322,21977.57271054798
,,80.73969681369164,317996.35123089986,,,65.26544821583987,22828.696527939734
,,81.12914758665751,203579.81112973506,,,65.66579634464752,23996.153635061568
,,81.51859835962337,87920.8454518548,,,66.06614447345518,25336.67960584219
,,81.90804913258924,27982.66573930303,,,66.46649260226285,26421.52792479699
,,82.29749990555511,11340.943524677048,,,66.8668407310705,26524.57807803967
,,82.68695067852097,8846.91370478108,,,67.26718885987816,25236.780755357595
,,83.07640145148684,8693.233470430934,,,67.66753698868581,23874.023593343685
,,83.4658522244527,8508.480124745442,,,68.06788511749347,23425.152139666083
,,83.85530299741858,8558.366782580331,,,68.46823324630114,23845.089206342844
,,84.24475377038445,8648.25161013436,,,68.86858137510879,24275.115906616644
,,84.63420454335031,8641.401434096784,,,69.26892950391645,24298.921204129823
,,85.02365531631618,8584.69449994081,,,69.66927763272412,24420.44128949793
,,85.41310608928204,8536.983783823545,,,70.06962576153177,25083.392783529256
,,85.80255686224791,8625.715277419456,,,70.46997389033943,25907.136382790122
,,86.19200763521378,8415.969063781133,,,70.87032201914708,26838.721778503364
,,86.58145840817964,8513.798250330154,,,71.27067014795475,28025.10793879464
,,86.97090918114552,8433.780542772194,,,71.67101827676241,29061.408051248618
,,87.36035995411139,8362.811890521753,,,72.07136640557006,30362.644602902816
,,87.74981072707725,8399.17910078947,,,72.47171453437772,31732.65501493672
,,88.13926150004312,8378.549949537206,,,72.87206266318539,32923.01711825177
,,88.52871227300899,8296.679072947327,,,73.27241079199304,34723.66296301257
,,88.91816304597485,8205.587378309836,,,73.6727589208007,36488.83737511383
,,89.30761381894072,8095.776099152017,,,74.07310704960835,38375.72938499263
,,89.69706459190658,8064.8285626875195,,,74.47345517841602,40780.12641727539
,,90.08651536487245,8057.836856824374,,,74.87380330722368,43295.709303791686
,,90.47596613783833,8177.615945097597,,,75.27415143603133,46401.15610142224
,,90.86541691080419,8141.854905752162,,,75.674499564839,49847.00754240243
,,91.25486768377006,8189.854226200484,,,76.07484769364666,54565.29757278865
,,91.64431845673592,8152.761639156059,,,76.47519582245431,60009.898952565745
,,92.03376922970179,8258.20833590272,,,76.87554395126197,66814.68345244801
,,92.42322000266766,8026.764736022259,,,77.27589208006962,75166.57896963171
,,92.81267077563352,8126.5226548015435,,,77.67624020887729,85741.78219814133
,,93.2021215485994,8214.43749032143,,,78.07658833768495,100303.42698565469
,,93.59157232156527,8168.803944541679,,,78.4769364664926,121372.06686538747
,,93.98102309453112,8154.5527258012235,,,78.87728459530027,149253.41826484626
,,94.370473867497,8461.008269392145,,,79.27763272410793,186148.3559920312
,,94.75992464046287,8580.947066282832,,,79.67798085291558,239029.7120423682
,,95.14937541342873,8341.524664412387,,,80.07832898172325,304344.30243996193
,,95.5388261863946,7209.7362242706095,,,80.4786771105309,335420.2093953579
,,95.92827695936046,6174.744881504445,,,80.87902523933856,277063.1255015976
,,96.31772773232633,5827.729291686181,,,81.27937336814622,158965.80671316362
,,96.7071785052922,4998.492706607693,,,81.67972149695387,63123.28891442741
,,97.09662927825806,4252.417411338454,,,82.08006962576154,20632.013330026137
,,97.48608005122394,2660.5682481822337,,,82.48041775456919,10169.54369265688
,,97.8755308241898,2027.2926560724109,,,82.88076588337685,8770.432752192282
,,98.26498159715567,964.7341355090136,,,83.28111401218452,8596.118936019533
,,98.65443237012154,654.8405917750872,,,83.68146214099217,8536.09865545293
,,99.0438831430874,407.4761872614095,,,84.08181026979983,8610.644422094752
,,99.43333391605327,255.24056046572002,,,84.4821583986075,8644.075823081537
,,99.82278468901914,189.86332886515845,,,84.88250652741515,8605.246815237171
,,100.212235461985,149.9505091662873,,,85.28285465622281,8552.940586526054
,,100.60168623495088,116.69464475809424,,,85.68320278503046,8598.52194189822
,,,,,,86.08355091383812,8474.380519685894
,,,,,,86.48389904264579,8489.291550041098
,,,,,,86.88424717145344,8451.586375573901
,,,,,,87.2845953002611,8376.618296222345
,,,,,,87.68494342906877,8393.121743018146
,,,,,,88.08529155787642,8381.408729586747
,,,,,,88.48563968668408,8305.733851225357
,,,,,,88.88598781549173,8213.113095225837
,,,,,,89.2863359442994,8469.49435422397
,,,,,,89.68668407310706,8939.434099818416
,,,,,,90.08703220191471,9437.838471619663
,,,,,,90.48738033072237,10062.472505093843
,,,,,,90.88772845953004,10536.571439527172
,,,,,,91.28807658833769,11084.71996617936
,,,,,,91.68842471714535,11568.794407302112
,,,,,,92.088772845953,12135.673347534856
,,,,,,92.48912097476067,12459.859963611887
,,,,,,92.88946910356833,13066.135831654641
,,,,,,93.28981723237598,13632.500509568628
,,,,,,93.69016536118365,14099.596803353483
,,,,,,94.0905134899913,14681.172487664604
,,,,,,94.49086161879896,15444.608666708216
,,,,,,94.89120974760662,15952.823700488609
,,,,,,95.29155787641427,15886.974881446447
,,,,,,95.69190600522194,15267.627121687112
,,,,,,96.0922541340296,14999.40762865822
,,,,,,96.49260226283725,14932.213067236515
,,,,,,96.89295039164492,14625.504092771524
,,,,,,97.29329852045257,13937.50618813081
,,,,,,97.69364664926023,13318.070415665426
,,,,,,98.0939947780679,12932.32896561173
,,,,,,98.49434290687554,12789.371610946286
,,,,,,98.89469103568321,13015.444099719398
,,,,,,99.29503916449087,13311.408982811361
,,,,,,99.69538729329852,13595.61744009142
,,,,,,100.09573542210619,13928.516492941262
,,,,,,100.49608355091384,14274.597349894548
,,,,,,100.8964316797215,14582.610474632907
,,,,,,101.29677980852917,14919.967580625278
,,,,,,101.69712793733682,15295.660978833395
,,,,,,102.09747606614448,15677.919601046317
,,,,,,102.49782419495214,16060.178223259236
,,,,,,102.8981723237598,16442.43684547214
,,,,,,103.29852045256746,16824.695467685062
,,,,,,103.69886858137511,17206.95408989797
,,,,,,104.09921671018277,17589.212712110886
,,,,,,104.49956483899044,17971.471334323807
,,,,,,104.89991296779809,18353.729956536714
,,,,,,105.30026109660575,18735.98857874963
,,,,,,105.7006092254134,19118.24720096254
,,,,,,106.10095735422107,19500.50582317546
,,,,,,106.50130548302873,19882.764445388377
,,,,,,106.90165361183638,20265.023067601287
,,,,,,107.30200174064404,20647.281689814205
,,,,,,107.70234986945171,21029.540312027126
,,,,,,108.10269799825936,21411.798934240032
,,,,,,108.50304612706702,21794.05755645295
,,,,,,108.90339425587467,22176.316178665857
,,,,,,109.30374238468234,22558.574800878778
,,,,,,109.70409051349,22796.785089807807
,,,,,,110.10443864229765,22917.412493133965
,,,,,,110.50478677110532,23038.039896460126
,,,,,,110.90513489991298,23158.66729978629
,,,,,,111.30548302872063,23279.29470311245
,,,,,,111.7058311575283,23399.92210643861
,,,,,,112.10617928633594,23520.54950976477
,,,,,,112.50652741514361,23641.17691309093
,,,,,,112.90687554395127,23761.804316417092
,,,,,,113.30722367275892,23882.43171974325
,,,,,,113.70757180156659,24003.05912306941
,,,,,,114.10791993037425,24123.686526395573
,,,,,,114.5082680591819,24244.31392972173
,,,,,,114.90861618798957,24364.941333047893
,,,,,,115.30896431679722,24485.56873637405
,,,,,,115.70931244560488,24606.196139700212
,,,,,,116.10966057441254,24726.823543026374
,,,,,,116.5100087032202,24847.450946352532
,,,,,,116.91035683202786,24968.078349678693
,,,,,,117.31070496083552,25088.705753004855
,,,,,,117.71105308964317,25209.333156331013
,,,,,,118.11140121845082,25329.96055965717
,,,,,,118.5117493472585,25450.58796298334
,,,,,,118.91209747606615,25571.215366309498
,,,,,,119.3124456048738,25691.842769635652
,,,,,,119.71279373368148,25812.47017296182
,,,,,,120.11314186248913,25428.446192365554
,,,,,,120.51348999129678,25024.78924389836
,,,,,,120.91383812010446,24621.132295431144
,,,,,,121.31418624891211,24217.475346963955
,,,,,,121.71453437771976,23813.81839849676
,,,,,,122.11488250652741,23410.16145002957
,,,,,,122.51523063533509,23006.50450156235
,,,,,,122.91557876414274,22602.847553095162
,,,,,,123.31592689295039,22199.19060462797
,,,,,,123.71627502175807,21795.53365616075
,,,,,,124.11662315056572,21391.87670769356
,,,,,,124.51697127937337,20988.21975922637
,,,,,,124.91731940818104,20584.562810759147
,,,,,,125.3176675369887,20180.90586229196
,,,,,,125.71801566579634,19777.248913824766
,,,,,,126.11836379460402,19373.591965357547
,,,,,,126.51871192341167,18969.935016890355
,,,,,,126.91906005221932,18566.278068423166
,,,,,,127.319408181027,18162.621119955948
,,,,,,127.71975630983465,17758.964171488755
,,,,,,128.1201044386423,17355.307223021562
,,,,,,128.52045256744995,16951.650274554373
,,,,,,128.92080069625763,16547.993326087155
,,,,,,129.32114882506528,16144.336377619962
,,,,,,129.72149695387293,15740.679429152771
,,,,,,130.1218450826806,15386.775550052425
,,,,,,130.52219321148826,15115.96069996741
,,,,,,130.9225413402959,14845.145849882396
,,,,,,131.3228894691036,14574.330999797361
,,,,,,131.72323759791124,14303.516149712346
,,,,,,132.1235857267189,14032.70129962733
,,,,,,132.52393385552656,13761.886449542297
,,,,,,132.92428198433421,13491.07159945728
,,,,,,133.32463011314186,13220.256749372265
,,,,,,133.72497824194951,12949.44189928725
,,,,,,134.1253263707572,12678.627049202216
,,,,,,134.52567449956484,12407.812199117201
,,,,,,134.9260226283725,12136.997349032186
,,,,,,135.32637075718017,11866.18249894715
,,,,,,135.72671888598782,11595.367648862135
,,,,,,136.12706701479547,11324.55279877712
,,,,,,136.52741514360315,11053.737948692085
,,,,,,136.9277632724108,10782.92309860707
,,,,,,137.32811140121845,10512.108248522054
,,,,,,137.72845953002613,10241.293398437021
,,,,,,138.12880765883378,9970.478548352006
,,,,,,138.52915578764143,9699.66369826699
,,,,,,138.9295039164491,9428.848848181955
,,,,,,139.32985204525676,9158.03399809694
,,,,,,139.7302001740644,8887.219148011925
,,,,,,140.13054830287206,8616.40429792691
,,,,,,140.53089643167974,8473.725874891112
,,,,,,140.9312445604874,8365.83022272535
,,,,,,141.33159268929504,8257.934570559588
,,,,,,141.73194081810271,8150.038918393819
,,,,,,142.13228894691036,8042.143266228057
,,,,,,142.53263707571801,7934.247614062294
,,,,,,142.9329852045257,7826.351961896525
,,,,,,143.33333333333334,7718.456309730763
,,,,,,143.733681462141,7610.560657565001
,,,,,,144.13402959094867,7502.665005399231
,,,,,,144.53437771975632,7394.769353233469
,,,,,,144.93472584856397,7286.873701067707
,,,,,,145.33507397737162,7178.978048901945
,,,,,,145.7354221061793,7071.082396736176
,,,,,,146.13577023498695,6963.186744570414
,,,,,,146.5361183637946,6855.291092404652
,,,,,,146.93646649260228,6747.395440238882
,,,,,,147.33681462140993,6639.49978807312
,,,,,,147.73716275021758,6531.604135907358
,,,,,,148.13751087902526,6423.708483741588
,,,,,,148.5378590078329,6315.812831575826
,,,,,,148.93820713664056,6207.917179410064
,,,,,,149.33855526544824,6100.021527244295
,,,,,,149.73890339425589,5992.125875078533
,,,,,,150.13925152306354,5884.230222912771
,,,,,,150.5395996518712,5784.904188828961
,,,,,,150.93994778067886,5720.1852042328355
,,,,,,151.3402959094865,5655.466219636711
,,,,,,151.74064403829416,5590.747235040586
,,,,,,152.14099216710184,5526.028250444456
,,,,,,152.5413402959095,5461.309265848331
,,,,,,152.94168842471714,5396.590281252206
,,,,,,153.34203655352482,5331.871296656077
,,,,,,153.74238468233247,5267.152312059951
,,,,,,154.14273281114012,5202.433327463827
,,,,,,154.5430809399478,5137.714342867697
,,,,,,154.94342906875545,5072.995358271572
,,,,,,155.3437771975631,5008.276373675447
,,,,,,155.74412532637078,4943.5573890793175
,,,,,,156.14447345517843,4878.838404483193
,,,,,,156.54482158398608,4814.119419887067
,,,,,,156.94516971279373,4749.400435290942
,,,,,,157.3455178416014,4684.681450694813
,,,,,,157.74586597040906,4619.962466098688
,,,,,,158.1462140992167,4555.243481502563
,,,,,,158.54656222802438,4490.524496906433
,,,,,,158.94691035683203,4425.805512310308
,,,,,,159.34725848563968,4361.086527714183
,,,,,,159.74760661444736,4296.367543118054
,,,,,,160.147954743255,4231.648558521929
,,,,,,160.54830287206266,4166.929573925803
,,,,,,160.94865100087034,4120.741312253586
,,,,,,161.348999129678,4086.378017060339
,,,,,,161.74934725848564,4052.014721867092
,,,,,,162.14969538729332,4017.6514266738423
,,,,,,162.55004351610097,3983.288131480595
,,,,,,162.95039164490862,3948.924836287348
,,,,,,163.35073977371627,3914.561541094101
,,,,,,163.75108790252395,3880.1982459008514
,,,,,,164.1514360313316,3845.834950707604
,,,,,,164.55178416013925,3811.471655514357
,,,,,,164.95213228894693,3777.1083603211073
,,,,,,165.35248041775458,3742.7450651278605
,,,,,,165.75282854656223,3708.381769934613
,,,,,,166.1531766753699,3674.0184747413637
,,,,,,166.55352480417756,3639.6551795481164
,,,,,,166.9538729329852,3605.2918843548696
,,,,,,167.35422106179288,3570.92858916162
,,,,,,167.75456919060053,3536.5652939683728
,,,,,,168.15491731940818,3502.2019987751255
,,,,,,168.55526544821586,3467.838703581876
,,,,,,168.9556135770235,3433.475408388629
,,,,,,169.35596170583116,3399.112113195382
,,,,,,169.7563098346388,3364.7488180021346
,,,,,,170.1566579634465,3330.385522808885
,,,,,,170.55700609225414,3296.022227615638
,,,,,,170.9573542210618,3262.054505785007
,,,,,,171.35770234986947,3245.328613625883
,,,,,,171.75805047867712,3228.6027214667597
,,,,,,172.15839860748477,3211.8768293076364
,,,,,,172.55874673629245,3195.1509371485117
,,,,,,172.9590948651001,3178.4250449893884
,,,,,,173.35944299390775,3161.699152830265
,,,,,,173.75979112271543,3144.9732606711405
,,,,,,174.16013925152308,3128.247368512017
,,,,,,174.56048738033073,3111.521476352894
,,,,,,174.96083550913838,3094.795584193771
,,,,,,175.36118363794606,3078.0696920346463
,,,,,,175.7615317667537,3061.343799875523
,,,,,,176.16187989556136,3044.6179077163997
,,,,,,176.56222802436903,3027.892015557275
,,,,,,176.96257615317668,3011.1661233981517
,,,,,,177.36292428198433,2994.4402312390284
,,,,,,177.763272410792,2977.714339079904
,,,,,,178.16362053959966,2960.988446920781
,,,,,,178.5639686684073,2944.2625547616576
,,,,,,178.964316797215,2927.536662602533
,,,,,,179.36466492602264,2910.8107704434096
,,,,,,179.7650130548303,2894.0848782842863
,,,,,,180.16536118363797,2877.358986125162
,,,,,,180.56570931244562,2860.633093966039
,,,,,,180.96605744125327,2843.9072018069155
,,,,,,181.36640557006092,2827.7379622743824
,,,,,,181.7667536988686,2812.293489522189
,,,,,,182.16710182767625,2796.849016769996
,,,,,,182.5674499564839,2781.4045440178033
,,,,,,182.96779808529158,2765.9600712656097
,,,,,,183.36814621409923,2750.515598513417
,,,,,,183.76849434290688,2735.0711257612243
,,,,,,184.16884247171456,2719.6266530090306
,,,,,,184.5691906005222,2704.182180256838
,,,,,,184.96953872932986,2688.737707504645
,,,,,,185.36988685813753,2673.2932347524516
,,,,,,185.77023498694518,2657.848762000259
,,,,,,186.17058311575283,2642.4042892480666
,,,,,,186.57093124456048,2626.959816495874
,,,,,,186.97127937336816,2611.51534374368
,,,,,,187.3716275021758,2596.0708709914875
,,,,,,187.77197563098346,2580.6263982392948
,,,,,,188.17232375979114,2565.181925487101
,,,,,,188.5726718885988,2549.7374527349084
,,,,,,188.97302001740644,2534.2929799827157
,,,,,,189.37336814621412,2518.848507230522
,,,,,,189.77371627502177,2503.4040344783293
,,,,,,190.17406440382942,2487.9595617261366
,,,,,,190.5744125326371,2472.515088973943
,,,,,,190.97476066144475,2457.0706162217502
,,,,,,191.3751087902524,2441.626143469558
,,,,,,191.77545691906008,2424.757664408177
,,,,,,192.17580504786773,2407.6307212159822
,,,,,,192.57615317667538,2390.5037780237876
,,,,,,192.97650130548303,2373.3768348315925
,,,,,,193.3768494342907,2356.2498916393965
,,,,,,193.77719756309835,2339.122948447202
,,,,,,194.177545691906,2321.996005255007
,,,,,,194.57789382071368,2304.869062062811
,,,,,,194.97824194952133,2287.742118870616
,,,,,,195.37859007832898,2270.6151756784216
,,,,,,195.77893820713666,2253.4882324862256
,,,,,,196.1792863359443,2236.3612892940305
,,,,,,196.57963446475196,2219.234346101836
,,,,,,196.97998259355964,2202.10740290964
,,,,,,197.3803307223673,2184.980459717445
,,,,,,197.78067885117494,2167.85351652525
,,,,,,198.1810269799826,2150.726573333055
,,,,,,198.58137510879027,2133.5996301408595
,,,,,,198.98172323759792,2116.4726869486644
,,,,,,199.38207136640557,2099.34574375647
,,,,,,199.78241949521325,2082.218800564274
,,,,,,200.1827676240209,2065.0918573720787
,,,,,,200.58311575282855,2047.964914179884
,,,,,,200.98346388163623,2030.837970987688
,,,,,,201.38381201044388,2013.7110277954932
,,,,,,201.78416013925153,1998.1891191665384
,,,,,,202.1845082680592,1987.2747338310642
,,,,,,202.58485639686685,1976.3603484955906
,,,,,,202.9852045256745,1965.4459631601173
,,,,,,203.38555265448218,1954.531577824643
,,,,,,203.78590078328983,1943.6171924891696
,,,,,,204.18624891209748,1932.702807153696
,,,,,,204.58659704090513,1921.7884218182226
,,,,,,204.9869451697128,1910.8740364827484
,,,,,,205.38729329852046,1899.9596511472748
,,,,,,205.7876414273281,1889.0452658118013
,,,,,,206.1879895561358,1878.130880476327
,,,,,,206.58833768494344,1867.2164951408536
,,,,,,206.9886858137511,1856.30210980538
,,,,,,207.38903394255877,1845.3877244699058
,,,,,,207.78938207136642,1834.4733391344323
,,,,,,208.18973020017407,1823.558953798959
,,,,,,208.59007832898175,1812.6445684634846
,,,,,,208.9904264577894,1801.730183128011
,,,,,,209.39077458659705,1790.8157977925378
,,,,,,209.7911227154047,1779.9014124570642
,,,,,,210.19147084421238,1768.98702712159
,,,,,,210.59181897302003,1758.0726417861165
,,,,,,210.99216710182768,1747.158256450643
,,,,,,211.39251523063535,1736.2438711151688
,,,,,,211.792863359443,1725.3294857796952
,,,,,,212.19321148825065,1717.8372652126773
,,,,,,212.59355961705833,1712.0280868424263
,,,,,,212.99390774586598,1706.2189084721756
,,,,,,213.39425587467363,1700.409730101925
,,,,,,213.7946040034813,1694.600551731674
,,,,,,214.19495213228896,1688.7913733614232
,,,,,,214.5953002610966,1682.9821949911727
,,,,,,214.9956483899043,1677.1730166209215
,,,,,,215.39599651871194,1671.363838250671
,,,,,,215.7963446475196,1665.5546598804203
,,,,,,216.19669277632724,1659.7454815101696
,,,,,,216.59704090513492,1653.9363031399187
,,,,,,216.99738903394257,1648.127124769668
,,,,,,217.39773716275022,1642.3179463994175
,,,,,,217.7980852915579,1636.5087680291663
,,,,,,218.19843342036555,1630.6995896589158
,,,,,,218.5987815491732,1624.890411288665
,,,,,,218.99912967798087,1619.0812329184141
,,,,,,219.39947780678852,1613.2720545481634
,,,,,,219.79982593559617,1607.4628761779127
,,,,,,220.20017406440385,1601.6536978076617
,,,,,,220.6005221932115,1595.844519437411
,,,,,,221.00087032201915,1590.0353410671605
,,,,,,221.4012184508268,1584.2261626969098
,,,,,,221.80156657963448,1578.4169843266586
,,,,,,222.20191470844213,1573.055836660116
,,,,,,222.60226283724978,1572.6903080898385
,,,,,,223.00261096605746,1572.3247795195612
,,,,,,223.4029590948651,1571.9592509492838
,,,,,,223.80330722367276,1571.5937223790063
,,,,,,224.20365535248044,1571.228193808729
,,,,,,224.6040034812881,1570.8626652384517
,,,,,,225.00435161009574,1570.497136668174
,,,,,,225.40469973890342,1570.1316080978968
,,,,,,225.80504786771107,1569.7660795276195
,,,,,,226.20539599651872,1569.400550957342
,,,,,,226.6057441253264,1569.0350223870646
,,,,,,227.00609225413405,1568.6694938167873
,,,,,,227.4064403829417,1568.3039652465097
,,,,,,227.80678851174935,1567.9384366762324
,,,,,,228.20713664055702,1567.572908105955
,,,,,,228.60748476936467,1567.2073795356775
,,,,,,229.00783289817232,1566.8418509654002
,,,,,,229.40818102698,1566.476322395123
,,,,,,229.80852915578765,1566.1107938248454
,,,,,,230.2088772845953,1565.745265254568
,,,,,,230.60922541340298,1565.3797366842907
,,,,,,231.00957354221063,1565.0142081140132
,,,,,,231.40992167101828,1564.6486795437359
,,,,,,231.81026979982596,1564.2831509734585
,,,,,,232.2106179286336,1563.917622403181
,,,,,,232.61096605744126,1564.7600958915718
,,,,,,233.01131418624894,1566.83853818596
,,,,,,233.4116623150566,1568.916980480348
,,,,,,233.81201044386424,1570.995422774736
,,,,,,234.2123585726719,1573.0738650691237
,,,,,,234.61270670147957,1575.152307363512
,,,,,,235.01305483028722,1577.2307496578999
,,,,,,235.41340295909487,1579.3091919522878
,,,,,,235.81375108790255,1581.3876342466758
,,,,,,236.2140992167102,1583.4660765410638
,,,,,,236.61444734551785,1585.5445188354518
,,,,,,237.01479547432552,1587.6229611298397
,,,,,,237.41514360313317,1589.7014034242277
,,,,,,237.81549173194082,1591.7798457186157
,,,,,,238.2158398607485,1593.8582880130039
,,,,,,238.61618798955615,1595.9367303073916
,,,,,,239.0165361183638,1598.0151726017796
,,,,,,239.41688424717145,1600.0936148961675
,,,,,,239.81723237597913,1602.1720571905557
,,,,,,240.21758050478678,1604.2504994849435
,,,,,,240.61792863359443,1606.3289417793314
,,,,,,241.0182767624021,1608.4073840737196
,,,,,,241.41862489120976,1610.4858263681076
,,,,,,241.8189730200174,1612.5642686624956
,,,,,,242.2193211488251,1614.6427109568835
,,,,,,242.61966927763274,1616.7211532512715
,,,,,,243.0200174064404,1622.8057506581154
,,,,,,243.42036553524807,1629.3047609555067
,,,,,,243.82071366405572,1635.8037712528976
,,,,,,244.22106179286337,1642.3027815502885
,,,,,,244.62140992167105,1648.8017918476799
,,,,,,245.0217580504787,1655.3008021450707
,,,,,,245.42210617928635,1661.7998124424616
,,,,,,245.822454308094,1668.2988227398525
,,,,,,246.22280243690165,1674.7978330372434
,,,,,,246.62315056570935,1681.2968433346352
,,,,,,247.023498694517,1687.7958536320261
,,,,,,247.42384682332465,1694.294863929417
,,,,,,247.8241949521323,1700.793874226808
,,,,,,248.22454308093995,1707.2928845241988
,,,,,,248.6248912097476,1713.7918948215897
,,,,,,249.02523933855525,1720.2909051189806
,,,,,,249.42558746736296,1726.7899154163724
,,,,,,249.8259355961706,1733.2889257137633
,,,,,,250.22628372497826,1739.7879360111542
,,,,,,250.6266318537859,1746.286946308545
,,,,,,251.02697998259356,1752.785956605936
,,,,,,251.4273281114012,1759.284966903327
,,,,,,251.82767624020892,1765.7839772007187
,,,,,,252.22802436901657,1772.2829874981096
,,,,,,252.62837249782422,1778.7819977955005
,,,,,,253.02872062663187,1788.9035449789808
,,,,,,253.42906875543952,1806.7860000618819
,,,,,,253.82941688424717,1824.6684551447827
,,,,,,254.22976501305482,1842.5509102276835
,,,,,,254.63011314186252,1860.4333653105869
,,,,,,255.03046127067017,1878.3158203934877
,,,,,,255.43080939947782,1896.1982754763887
,,,,,,255.83115752828547,1914.0807305592896
,,,,,,256.2315056570931,1931.9631856421904
,,,,,,256.6318537859008,1949.8456407250912
,,,,,,257.0322019147085,1967.7280958079946
,,,,,,257.43255004351613,1985.6105508908956
,,,,,,257.8328981723238,2003.4930059737965
,,,,,,258.23324630113143,2021.3754610566973
,,,,,,258.6335944299391,2039.2579161395981
,,,,,,259.03394255874673,2057.140371222499
,,,,,,259.4342906875544,2075.0228263054
,,,,,,259.8346388163621,2092.905281388303
,,,,,,260.23498694516974,2110.787736471204
,,,,,,260.6353350739774,2128.6701915541053
,,,,,,261.03568320278504,2146.552646637006
,,,,,,261.4360313315927,2164.435101719907
,,,,,,261.83637946040034,2182.3175568028078
,,,,,,262.23672758920804,2200.200011885711
,,,,,,262.6370757180157,2218.0824669686117
,,,,,,263.03742384682334,2235.964922051513
,,,,,,263.437771975631,2314.9110934379296
,,,,,,263.83812010443864,2416.419153400985
,,,,,,264.2384682332463,2517.927213364041
,,,,,,264.638816362054,2619.435273327111
,,,,,,265.03916449086165,2720.9433332901667
,,,,,,265.4395126196693,2822.4513932532222
,,,,,,265.83986074847695,2923.9594532162782
,,,,,,266.2402088772846,3025.4675131793338
,,,,,,266.64055700609225,3126.9755731423893
,,,,,,267.0409051348999,3228.483633105445
,,,,,,267.4412532637076,3329.991693068515
,,,,,,267.84160139251526,3431.499753031571
,,,,,,268.2419495213229,3533.007812994627
,,,,,,268.64229765013056,3634.5158729576824
,,,,,,269.0426457789382,3736.023932920738
,,,,,,269.44299390774586,3837.5319928837935
,,,,,,269.84334203655357,3939.0400528468635
,,,,,,270.2436901653612,4040.548112809919
,,,,,,270.64403829416887,4142.056172772975
,,,,,,271.0443864229765,4243.564232736031
,,,,,,271.44473455178417,4345.072292699087
,,,,,,271.8450826805918,4446.580352662142
,,,,,,272.24543080939947,4548.088412625198
,,,,,,272.6457789382072,4649.596472588268
,,,,,,273.0461270670148,4751.104532551324
,,,,,,273.4464751958225,4856.881371661674
,,,,,,273.8468233246301,4988.413486131989
,,,,,,274.2471714534378,5119.945600602304
,,,,,,274.6475195822454,5251.477715072619
,,,,,,275.04786771105313,5383.009829542952
,,,,,,275.4482158398608,5514.541944013266
,,,,,,275.84856396866843,5646.07405848358
,,,,,,276.2489120974761,5777.606172953895
,,,,,,276.64926022628373,5909.13828742421
,,,,,,277.0496083550914,6040.670401894524
,,,,,,277.44995648389903,6172.202516364839
,,,,,,277.85030461270674,6303.734630835172
,,,,,,278.2506527415144,6435.266745305486
,,,,,,278.65100087032204,6566.798859775801
,,,,,,279.0513489991297,6698.330974246116
,,,,,,279.45169712793734,6829.863088716431
,,,,,,279.852045256745,6961.395203186745
,,,,,,280.2523933855527,7092.927317657079
,,,,,,280.65274151436034,7224.459432127393
,,,,,,281.053089643168,7355.991546597707
,,,,,,281.45343777197564,7487.523661068022
,,,,,,281.8537859007833,7619.055775538336
,,,,,,282.25413402959094,7750.587890008651
,,,,,,282.65448215839865,7882.120004478984
,,,,,,283.0548302872063,8013.652118949299
,,,,,,283.45517841601395,8145.1842334196135
,,,,,,283.8555265448216,8301.638056434189
,,,,,,284.25587467362925,8478.142728053603
,,,,,,284.6562228024369,8654.647399673015
,,,,,,285.05657093124455,8831.152071292428
,,,,,,285.45691906005226,9007.656742911868
,,,,,,285.8572671888599,9184.161414531281
,,,,,,286.25761531766756,9360.666086150695
,,,,,,286.6579634464752,9537.170757770109
,,,,,,287.05831157528286,9713.675429389523
,,,,,,287.4586597040905,9890.180101008937
,,,,,,287.8590078328982,10066.684772628376
,,,,,,288.25935596170586,10243.18944424779
,,,,,,288.6597040905135,10419.694115867203
,,,,,,289.06005221932116,10596.198787486617
,,,,,,289.4604003481288,10772.703459106031
,,,,,,289.86074847693646,10949.208130725445
,,,,,,290.2610966057441,11125.712802344857
,,,,,,290.6614447345518,11302.217473964296
,,,,,,291.06179286335947,11478.72214558371
,,,,,,291.4621409921671,11655.226817203124
,,,,,,291.8624891209748,11831.731488822537
,,,,,,292.2628372497824,12008.236160441951
,,,,,,292.6631853785901,12184.740832061365
,,,,,,293.0635335073978,12361.245503680804
,,,,,,293.46388163620543,12537.750175300218
,,,,,,293.8642297650131,12714.254846919632
,,,,,,294.26457789382073,12998.334057678037
,,,,,,294.6649260226284,13286.184696038452
,,,,,,295.06527415143603,13574.035334398866
,,,,,,295.4656222802437,13861.885972759283
,,,,,,295.8659704090514,14149.736611119737
,,,,,,296.26631853785904,14437.587249480153
,,,,,,296.6666666666667,14725.437887840568
,,,,,,297.06701479547434,15013.288526200982
,,,,,,297.467362924282,15301.139164561399
,,,,,,297.86771105308964,15588.989802921813
,,,,,,298.26805918189734,15876.84044128227
,,,,,,298.668407310705,16164.691079642684
,,,,,,299.06875543951264,16452.5417180031
,,,,,,299.4691035683203,16740.392356363514
,,,,,,299.86945169712794,17028.24299472393
,,,,,,300.2697998259356,17316.093633084343
,,,,,,300.67014795474324,17603.944271444758
,,,,,,301.07049608355095,17891.794909805212
,,,,,,301.4708442123586,18179.64554816563
,,,,,,301.87119234116625,18467.496186526045
,,,,,,302.2715404699739,18755.34682488646
,,,,,,302.67188859878155,19043.197463246874
,,,,,,303.0722367275892,19331.048101607288
,,,,,,303.4725848563969,19618.898739967746
,,,,,,303.87293298520456,19906.74937832816
,,,,,,304.2732811140122,20376.46793977282
,,,,,,304.67362924281986,21145.318566412443
,,,,,,305.0739773716275,21914.169193052065
,,,,,,305.47432550043516,22683.019819691686
,,,,,,305.87467362924286,23451.870446331417
,,,,,,306.2750217580505,24220.721072971035
,,,,,,306.67536988685816,24989.571699610657
,,,,,,307.0757180156658,25758.42232625028
,,,,,,307.47606614447346,26527.2729528899
,,,,,,307.8764142732811,27296.12357952952
,,,,,,308.27676240208876,28064.974206169143
,,,,,,308.67711053089647,28833.824832808874
,,,,,,309.0774586597041,29602.675459448496
,,,,,,309.47780678851177,30371.526086088117
,,,,,,309.8781549173194,31140.37671272774
,,,,,,310.27850304612707,31909.227339367357
,,,,,,310.6788511749347,32678.07796600698
,,,,,,311.0791993037424,33446.92859264671
,,,,,,311.4795474325501,34215.77921928633
,,,,,,311.8798955613577,34984.62984592595
,,,,,,312.2802436901654,35753.48047256557
,,,,,,312.680591818973,36522.33109920519
,,,,,,313.0809399477807,37291.18172584481
,,,,,,313.4812880765883,38060.032352484435
,,,,,,313.88163620539603,38828.882979124166
,,,,,,314.2819843342037,39597.73360576379
,,,,,,314.68233246301133,38775.926191275816
,,,,,,315.082680591819,37531.48658239784
,,,,,,315.48302872062663,36287.04697351986
,,,,,,315.8833768494343,35042.60736464188
,,,,,,316.283724978242,33798.16775576372
,,,,,,316.68407310704964,32553.728146885747
,,,,,,317.0844212358573,31309.288538007768
,,,,,,317.48476936466494,30064.84892912979
,,,,,,317.8851174934726,28820.409320251812
,,,,,,318.28546562228024,27575.96971137383
,,,,,,318.6858137510879,26331.530102495853
,,,,,,319.0861618798956,25087.090493617696
,,,,,,319.48651000870325,23842.65088473972
,,,,,,319.8868581375109,22598.21127586174
,,,,,,320.28720626631855,21353.77166698376
,,,,,,320.6875543951262,20109.33205810578
,,,,,,321.08790252393385,18864.892449227802
,,,,,,321.48825065274156,17620.452840349648
,,,,,,321.8885987815492,16376.013231471668
,,,,,,322.28894691035686,15131.573622593689
,,,,,,322.6892950391645,13887.13401371571
,,,,,,323.08964316797216,12642.694404837734
,,,,,,323.4899912967798,11398.254795959754
,,,,,,323.89033942558746,10153.815187081775
,,,,,,324.29068755439516,8909.37557820362
,,,,,,324.6910356832028,7853.86875914607
,,,,,,325.09138381201046,7544.490451444899
,,,,,,325.4917319408181,7235.112143743729
,,,,,,325.89208006962576,6925.733836042558
,,,,,,326.2924281984334,6616.355528341387
,,,,,,326.6927763272411,6306.977220640172
,,,,,,327.09312445604877,5997.598912939002
,,,,,,327.4934725848564,5688.2206052378315
,,,,,,327.89382071366407,5378.84229753666
,,,,,,328.2941688424717,5069.46398983549
,,,,,,328.69451697127937,4760.085682134319
,,,,,,329.0948651000871,4450.707374433105
,,,,,,329.4952132288947,4141.329066731934
,,,,,,329.8955613577024,3831.950759030763
,,,,,,330.29590948651,3522.5724513295927
,,,,,,330.6962576153177,3213.1941436284214
,,,,,,331.0966057441253,2903.815835927251
,,,,,,331.496953872933,2594.43752822608
,,,,,,331.8973020017407,2285.059220524866
,,,,,,332.29765013054833,1975.6809128236946
,,,,,,332.697998259356,1666.3026051225243
,,,,,,333.09834638816363,1356.924297421353
,,,,,,333.4986945169713,1047.5459897201827
,,,,,,333.89904264577893,738.1676820190123
,,,,,,334.29939077458664,428.7893743177974
